ID,Name,Age,Department,Salary,City,Hire Date
1,Козлова Ирина Ефимовна,29,IT,112097,Санкт-Петербург,2017-09-04
2,Ларионова София Богдановна,36,HR,66868,Ростов-на-Дону,2021-05-08
3,Тарасов Ерофей Даниилович,56,IT,194794,Казань,2020-07-01
4,Лазарев Трифон Федосеевич,24,IT,64561,Санкт-Петербург,2017-08-25
5,Корнилова Агата Валериевна,36,Sales,197815,Москва,2022-06-05
6,Герман Григорьевич Кондратьев,57,HR,182853,Казань,2023-01-30
7,Щербаков Валерий Ильясович,36,Marketing,194472,Новосибирск,2023-12-02
8,Константинова Алина Робертовна,22,Support,81853,Ростов-на-Дону,2020-10-21
9,Марина Артемовна Жданова,49,Finance,112842,Санкт-Петербург,2018-05-17
10,Доронина Майя Филипповна,35,Support,128236,Москва,2017-05-14
11,Нестеров Зосима Ермолаевич,27,Marketing,65353,Новосибирск,2025-04-19
12,Антонина Мироновна Матвеева,44,Sales,109342,Самара,2019-12-24
13,Галина Максимовна Казакова,24,Logistics,160435,Екатеринбург,2017-07-16
14,Аскольд Власович Лукин,29,Marketing,60656,Екатеринбург,2022-09-26
15,Щербаков Касьян Гурьевич,40,Support,134800,Екатеринбург,2022-04-16
16,Анастасия Евгеньевна Бирюкова,34,Logistics,58233,Москва,2015-10-07
17,Карп Арсенович Соболев,36,Support,115861,Москва,2024-07-29
18,Терентьева Лариса Даниловна,36,Support,66476,Казань,2021-12-31
19,Ратмир Викторович Белоусов,39,Marketing,135638,Санкт-Петербург,2016-11-03
20,Белякова Иванна Харитоновна,45,Finance,94921,Ростов-на-Дону,2019-09-24
21,Денисова Елена Валентиновна,39,Logistics,58717,Екатеринбург,2020-07-16
22,Васильев Венедикт Витальевич,32,Sales,104175,Санкт-Петербург,2021-09-20
23,Наталья Эльдаровна Голубева,51,Marketing,110765,Ростов-на-Дону,2019-04-17
24,Абрамова Светлана Ждановна,57,HR,125008,Самара,2025-02-26
25,Агафья Вадимовна Федосеева,25,HR,48414,Самара,2024-04-17
26,Лукия Вадимовна Анисимова,42,Marketing,110186,Москва,2019-10-17
27,Каллистрат Юлианович Фадеев,35,Sales,122490,Санкт-Петербург,2017-03-25
28,Клавдия Сергеевна Кошелева,53,Marketing,160285,Санкт-Петербург,2017-06-07
29,Гостомысл Ааронович Моисеев,38,HR,104651,Ростов-на-Дону,2018-09-08
30,Гущин Митофан Ефремович,57,Sales,108876,Ростов-на-Дону,2017-11-02
31,Ермаков Богдан Архипович,59,Marketing,192969,Казань,2022-10-06
32,Синклитикия Владимировна Гусева,45,HR,76262,Екатеринбург,2022-01-16
33,Глафира Захаровна Лобанова,53,IT,52351,Самара,2024-03-02
34,Еремей Германович Кулаков,29,HR,81938,Самара,2018-07-24
35,тов. Быкова Регина Петровна,49,Sales,56653,Казань,2016-08-27
36,Ширяев Адриан Давыдович,46,Sales,162696,Екатеринбург,2021-04-30
37,Рогов Аристарх Давыдович,38,Sales,43009,Ростов-на-Дону,2016-02-13
38,Суханов Аскольд Якубович,29,Logistics,180763,Самара,2017-10-28
39,Соболева София Владимировна,39,Support,129174,Москва,2022-09-05
40,Ульяна Руслановна Николаева,40,Marketing,81460,Казань,2023-04-17
41,Евдокия Болеславовна Белова,22,Logistics,109045,Екатеринбург,2022-01-13
42,Остап Фролович Князев,33,Sales,67894,Самара,2022-09-26
43,Юдина Антонина Аркадьевна,41,Support,173080,Екатеринбург,2019-06-21
44,Велимир Денисович Григорьев,34,HR,138019,Самара,2017-05-06
45,Панфил Гавриилович Матвеев,32,Sales,179029,Москва,2020-01-26
46,Анжела Павловна Константинова,60,Finance,168085,Москва,2024-01-22
47,Васильева София Андреевна,29,Finance,120612,Санкт-Петербург,2025-02-18
48,Жанна Викторовна Исакова,25,HR,188729,Москва,2020-04-20
49,Власов Аристарх Владленович,27,Logistics,167399,Самара,2019-03-27
50,Иванна Робертовна Дмитриева,26,Support,179645,Самара,2019-09-04
51,Тамара Рудольфовна Степанова,30,HR,164592,Екатеринбург,2017-05-05
52,Павлов Фока Ануфриевич,32,Finance,178326,Самара,2022-12-04
53,Логинов Самсон Юлианович,60,Marketing,95521,Екатеринбург,2024-08-21
54,Павлова Раиса Артемовна,34,Logistics,121714,Казань,2023-12-16
55,Виноградов Измаил Трофимович,45,Marketing,175679,Казань,2016-08-22
56,Зинаида Харитоновна Кириллова,29,HR,98903,Москва,2015-11-04
57,Прохоров Фортунат Жанович,43,IT,194221,Екатеринбург,2024-10-16
58,Терентьев Лонгин Демидович,36,Sales,97728,Москва,2018-02-06
59,Юдин Ладимир Фокич,26,Logistics,55433,Санкт-Петербург,2018-08-09
60,Анжела Андреевна Рыбакова,26,IT,126619,Москва,2021-08-28
61,Комарова Анжела Тарасовна,54,HR,113001,Ростов-на-Дону,2017-07-29
62,Милен Арсеньевич Бобылев,53,HR,181356,Санкт-Петербург,2017-11-20
63,Порфирий Ефимьевич Костин,58,Sales,163907,Санкт-Петербург,2025-04-14
64,Светлана Андреевна Харитонова,52,Support,146708,Санкт-Петербург,2023-08-13
65,Василий Венедиктович Белоусов,28,IT,152997,Новосибирск,2016-08-06
66,Жданов Герман Егорович,49,Marketing,162427,Самара,2018-04-06
67,Александров Елизар Евсеевич,25,Logistics,65799,Москва,2020-07-01
68,Антонин Бенедиктович Калашников,47,Logistics,128946,Самара,2019-09-06
69,Авдей Игнатьевич Мамонтов,28,HR,90224,Санкт-Петербург,2016-10-01
70,Галина Павловна Жданова,56,Marketing,76747,Казань,2022-07-02
71,Макарова Анжела Владиславовна,33,Finance,161275,Санкт-Петербург,2020-11-25
72,Фаина Тимуровна Куликова,26,Marketing,184264,Москва,2019-09-29
73,Громов Андрон Ильясович,25,Logistics,181711,Самара,2017-07-18
74,Варфоломей Ильич Гуляев,22,IT,101965,Санкт-Петербург,2021-01-16
75,Юлия Владиславовна Стрелкова,48,Marketing,166185,Санкт-Петербург,2024-09-28
76,Дарья Наумовна Козлова,47,IT,83158,Казань,2017-03-28
77,Надежда Ефимовна Федотова,22,Marketing,109521,Самара,2017-01-13
78,Щербакова Александра Руслановна,51,Finance,150888,Ростов-на-Дону,2017-09-01
79,Оксана Макаровна Тимофеева,57,Logistics,167577,Санкт-Петербург,2023-08-26
80,Елена Алексеевна Прохорова,34,Finance,97068,Москва,2017-05-17
81,Архип Елисеевич Шестаков,59,Logistics,182133,Москва,2021-11-10
82,Терентий Игнатович Субботин,42,IT,53144,Екатеринбург,2015-09-20
83,Иванна Вячеславовна Савина,52,Sales,179231,Санкт-Петербург,2025-01-26
84,Велимир Феодосьевич Коновалов,25,Sales,61000,Самара,2022-09-24
85,Эрнст Яковлевич Андреев,33,IT,195984,Москва,2019-04-19
86,Сидорова Алина Оскаровна,37,Marketing,71427,Екатеринбург,2015-06-18
87,Синклитикия Геннадьевна Громова,37,Sales,195849,Москва,2019-10-04
88,Лора Яковлевна Веселова,27,Marketing,193006,Екатеринбург,2022-01-29
89,Мясников Ладимир Юльевич,55,Finance,108358,Санкт-Петербург,2018-07-15
90,Олимпий Ерофеевич Жданов,42,HR,109629,Казань,2016-09-18
91,Натан Всеволодович Горбачев,30,Logistics,118642,Казань,2021-02-18
92,Август Ефимьевич Дмитриев,42,Support,59016,Москва,2017-07-18
93,Элеонора Леонидовна Абрамова,51,Sales,187585,Москва,2019-11-11
94,Панфилова Олимпиада Викторовна,26,Sales,95877,Екатеринбург,2022-01-12
95,Якуб Игнатьевич Тарасов,38,HR,131490,Москва,2023-08-18
96,Ксения Дмитриевна Константинова,37,Finance,114707,Санкт-Петербург,2017-06-08
97,Николаев Савелий Артёмович,50,Support,182401,Ростов-на-Дону,2019-12-31
98,Ульяна Георгиевна Терентьева,41,Sales,178658,Москва,2022-05-29
99,г-н Куликов Аверкий Борисович,57,Finance,67154,Санкт-Петербург,2023-03-25
100,Брагин Спартак Фомич,38,IT,68058,Ростов-на-Дону,2015-12-12
101,Виталий Филиппович Кузьмин,57,HR,111394,Новосибирск,2023-06-17
102,Шилова Фёкла Кузьминична,60,HR,129884,Санкт-Петербург,2024-12-11
103,Эмилия Сергеевна Котова,38,Sales,168065,Новосибирск,2023-10-02
104,Самсонова Галина Руслановна,25,IT,151037,Самара,2019-12-12
105,Ирина Семеновна Мартынова,39,IT,40929,Новосибирск,2021-09-17
106,Бажен Ермилович Фролов,30,Logistics,108670,Санкт-Петербург,2018-02-28
107,Тимур Артурович Кудрявцев,50,Sales,152115,Екатеринбург,2016-12-13
108,Герасим Гордеевич Голубев,22,IT,59724,Ростов-на-Дону,2019-08-05
109,Рубен Фёдорович Семенов,31,Sales,49444,Самара,2017-07-06
110,Фотий Адамович Гордеев,45,Sales,184841,Санкт-Петербург,2024-04-02
111,Архипова Агата Матвеевна,49,HR,50965,Новосибирск,2018-06-06
112,Панкрат Гурьевич Мартынов,45,Support,50458,Новосибирск,2017-08-21
113,Алексей Терентьевич Ширяев,35,Logistics,105412,Ростов-на-Дону,2022-02-18
114,Глафира Рубеновна Русакова,28,Finance,186770,Самара,2016-09-20
115,Козлова Марфа Эдуардовна,48,Sales,80515,Санкт-Петербург,2021-02-01
116,Носков Пахом Венедиктович,32,Support,86413,Казань,2024-02-11
117,Осипов Натан Зиновьевич,23,HR,127080,Самара,2017-07-24
118,Натан Елисеевич Ситников,48,Support,105055,Новосибирск,2024-12-15
119,Болеслав Харитонович Соколов,32,Support,68336,Казань,2022-12-08
120,Селиверстов Милий Давидович,24,Support,163388,Санкт-Петербург,2021-12-11
121,Алина Алексеевна Селиверстова,34,Support,160665,Новосибирск,2017-12-01
122,Юлия Владиславовна Журавлева,41,Support,99662,Санкт-Петербург,2016-09-15
123,Воронцова Екатерина Рубеновна,23,Logistics,90627,Казань,2022-06-10
124,Глафира Юльевна Кошелева,43,Finance,58198,Самара,2025-01-30
125,Гуляева Галина Константиновна,39,Finance,173537,Казань,2016-07-10
126,Никифоров Фирс Матвеевич,56,Finance,47235,Москва,2019-05-30
127,Воробьева Феврония Ефимовна,38,HR,192198,Новосибирск,2016-06-18
128,Фёкла Васильевна Евсеева,24,IT,196387,Казань,2025-04-13
129,Любовь Тарасовна Котова,44,Logistics,122228,Казань,2022-01-22
130,Юдин Матвей Авдеевич,60,Sales,70315,Казань,2023-12-10
131,Валентина Оскаровна Кондратьева,58,HR,106773,Москва,2019-01-25
132,Оксана Владиславовна Кудряшова,49,IT,176293,Самара,2017-03-16
133,Кулагина Ираида Юрьевна,56,Logistics,91651,Новосибирск,2023-07-12
134,Трофимова Октябрина Оскаровна,49,IT,126559,Екатеринбург,2023-09-14
135,Маркова Зинаида Богдановна,42,Logistics,72669,Ростов-на-Дону,2018-03-26
136,Ростислав Тарасович Ширяев,41,Sales,121077,Ростов-на-Дону,2015-09-24
137,Евгения Рудольфовна Соболева,48,Finance,145486,Ростов-на-Дону,2018-12-29
138,Климент Елизарович Наумов,40,Sales,73367,Санкт-Петербург,2015-07-19
139,Анжелика Егоровна Молчанова,48,Logistics,139390,Ростов-на-Дону,2019-07-05
140,Журавлева Олимпиада Рудольфовна,33,Sales,189187,Новосибирск,2019-12-05
141,Анисимов Ефрем Трофимович,47,Sales,40106,Новосибирск,2022-05-13
142,Фома Исидорович Мухин,40,HR,152692,Самара,2020-12-23
143,Ульян Игнатович Казаков,59,Sales,124475,Казань,2022-06-22
144,Ипатий Даниилович Ковалев,50,Marketing,96020,Екатеринбург,2022-08-28
145,Терентий Гаврилович Григорьев,52,Support,84483,Ростов-на-Дону,2017-08-10
146,Харитон Еремеевич Комаров,27,Finance,175122,Ростов-на-Дону,2023-10-09
147,Мирослав Вячеславович Антонов,43,IT,101569,Ростов-на-Дону,2015-08-02
148,Егорова Алина Альбертовна,41,HR,92200,Санкт-Петербург,2020-12-23
149,Гусева Пелагея Борисовна,23,IT,104184,Казань,2024-03-04
150,Воронова Ольга Павловна,26,Marketing,148643,Ростов-на-Дону,2018-11-07
151,Зоя Романовна Андреева,58,HR,140657,Казань,2023-09-01
152,Афанасий Антипович Алексеев,47,HR,78684,Ростов-на-Дону,2016-12-08
153,Антонова Анжелика Ефимовна,22,Support,67941,Самара,2016-08-17
154,Элеонора Эльдаровна Вишнякова,49,HR,86107,Самара,2021-08-18
155,Марина Петровна Бурова,55,Marketing,53164,Екатеринбург,2019-11-15
156,Наталья Константиновна Ермакова,37,Support,71813,Казань,2021-08-27
157,Гришина Антонина Григорьевна,30,Support,161803,Ростов-на-Дону,2021-09-13
158,Болеслав Владиленович Журавлев,55,Sales,196094,Новосибирск,2017-03-07
159,Смирнов Осип Филимонович,50,Sales,172324,Казань,2022-05-04
160,Амос Даниилович Дмитриев,57,Marketing,81722,Ростов-на-Дону,2022-07-07
161,Панова Анжела Евгеньевна,52,Marketing,107945,Самара,2024-09-07
162,Феврония Геннадьевна Родионова,37,Support,112695,Самара,2016-08-04
163,Алексеев Карл Викторович,55,Marketing,102716,Новосибирск,2016-02-27
164,Тимофеев Чеслав Ермилович,50,IT,114901,Санкт-Петербург,2019-11-02
165,Лазарь Трофимович Фокин,39,Finance,123809,Екатеринбург,2018-03-02
166,Быкова Анжелика Эльдаровна,27,HR,79539,Санкт-Петербург,2015-11-04
167,Любомир Димитриевич Козлов,46,Logistics,80056,Ростов-на-Дону,2016-05-10
168,Ульяна Эдуардовна Селиверстова,35,IT,148755,Казань,2015-08-26
169,Ираида Филипповна Волкова,43,Sales,162139,Казань,2023-01-28
170,Михеев Пров Елисеевич,25,HR,150138,Казань,2017-04-04
171,Калашникова Пелагея Богдановна,59,Logistics,45120,Самара,2020-02-22
172,Любим Бориславович Гордеев,58,Marketing,165037,Москва,2017-01-19
173,Серафим Ермилович Нестеров,44,Finance,142232,Самара,2024-11-23
174,Таисия Антоновна Панова,48,Sales,183165,Самара,2016-04-28
175,Виктор Трофимович Князев,60,HR,167986,Санкт-Петербург,2020-08-03
176,София Рубеновна Тихонова,39,Marketing,167308,Москва,2015-12-27
177,Ефремова Полина Павловна,46,Finance,145989,Ростов-на-Дону,2023-01-17
178,Хохлов Влас Ермилович,32,Support,162523,Санкт-Петербург,2019-10-29
179,Ильина Алевтина Юльевна,56,IT,143290,Екатеринбург,2023-06-09
180,Никифорова Таисия Андреевна,58,Logistics,47104,Москва,2020-12-19
181,Одинцов Викентий Фомич,49,HR,161031,Санкт-Петербург,2024-11-30
182,Степанова Полина Кирилловна,25,Finance,139379,Новосибирск,2020-07-13
183,Святополк Харитонович Николаев,35,Marketing,125680,Новосибирск,2020-01-05
184,Пономарев Эммануил Яковлевич,46,Finance,150510,Новосибирск,2022-11-28
185,Виноградов Кирилл Фёдорович,27,Marketing,45081,Ростов-на-Дону,2018-11-04
186,Ираида Александровна Боброва,56,IT,131740,Санкт-Петербург,2022-09-15
187,Фаина Рудольфовна Князева,26,Support,50553,Самара,2016-12-05
188,Коновалова Лора Тимуровна,23,HR,92261,Самара,2023-01-27
189,Любим Геннадиевич Игнатов,23,Sales,79946,Санкт-Петербург,2017-10-31
190,Остап Андреевич Филиппов,30,Marketing,69986,Екатеринбург,2022-11-22
191,Корнилова Марина Натановна,35,Marketing,107172,Самара,2025-04-30
192,Виктория Святославовна Силина,45,HR,198831,Екатеринбург,2015-10-25
193,Капустина Лора Болеславовна,29,Support,82930,Новосибирск,2024-03-09
194,Степан Филиппович Попов,28,Sales,46731,Новосибирск,2022-09-02
195,Герман Артемьевич Воронов,58,Logistics,138384,Казань,2023-04-05
196,Ярополк Тихонович Кулагин,34,IT,195214,Ростов-на-Дону,2016-03-31
197,Творимир Тарасович Пестов,37,IT,119058,Самара,2018-08-11
198,Мишина Пелагея Тимофеевна,60,Support,71733,Самара,2015-10-21
199,Евдокимов Константин Давыдович,58,Support,50766,Новосибирск,2022-11-29
200,Валерьян Бориславович Зуев,56,Marketing,137142,Москва,2017-02-08
201,Алексей Андреевич Большаков,54,Logistics,129451,Москва,2023-05-29
202,Мстислав Феликсович Куликов,48,Support,168503,Москва,2017-11-20
203,Дмитрий Власович Захаров,49,Finance,160517,Ростов-на-Дону,2016-03-26
204,Юлия Егоровна Чернова,31,Marketing,86173,Ростов-на-Дону,2024-07-28
205,Суворов Ираклий Фокич,55,Logistics,110800,Екатеринбург,2017-12-30
206,Брагин Рубен Ермилович,56,Support,166745,Казань,2022-03-22
207,Зуев Мечислав Ефимович,49,Support,195313,Новосибирск,2021-11-01
208,Ипатий Филиппович Сазонов,42,Support,104355,Самара,2018-06-19
209,тов. Киселева Жанна Мироновна,27,Finance,158175,Санкт-Петербург,2021-03-01
210,Филатова Кира Архиповна,51,Sales,199994,Ростов-на-Дону,2025-03-23
211,Егорова Агафья Феликсовна,46,Finance,47523,Казань,2024-02-05
212,Алла Юльевна Кононова,42,HR,167808,Санкт-Петербург,2020-05-30
213,Ия Евгеньевна Кошелева,44,Support,107725,Новосибирск,2023-06-19
214,Пономарев Якуб Димитриевич,39,Sales,112422,Екатеринбург,2022-03-22
215,Прохорова Вера Болеславовна,22,Sales,90084,Москва,2024-06-24
216,Никифорова Нинель Антоновна,37,Logistics,146542,Казань,2021-03-29
217,Тарасова Кира Леонидовна,57,Support,102999,Ростов-на-Дону,2022-12-02
218,Титов Тимур Иосифович,52,Logistics,168665,Казань,2020-10-02
219,Глафира Ждановна Сысоева,23,IT,117132,Санкт-Петербург,2023-09-10
220,Лавр Игоревич Брагин,47,Logistics,103780,Новосибирск,2016-08-05
221,Вероника Дмитриевна Самойлова,59,Finance,164062,Екатеринбург,2022-03-17
222,Афанасьева Тамара Михайловна,55,Finance,151543,Ростов-на-Дону,2016-05-06
223,Капитон Валерьевич Панов,57,Finance,132225,Ростов-на-Дону,2019-02-17
224,Иванна Харитоновна Щербакова,51,Finance,120379,Новосибирск,2023-09-02
225,Валентина Евгеньевна Воронова,36,IT,90484,Новосибирск,2015-09-11
226,Тамара Леонидовна Фомичева,29,Logistics,180473,Самара,2021-07-18
227,Калашникова Октябрина Кузьминична,33,HR,96723,Ростов-на-Дону,2021-12-08
228,Соловьев Андрей Ефимьевич,52,Finance,194556,Самара,2025-05-28
229,Фролов Тимофей Венедиктович,55,Sales,114186,Москва,2019-05-01
230,Тимур Федосеевич Сафонов,34,Finance,99633,Новосибирск,2022-11-13
231,Аксенов Валерьян Эдгардович,33,Finance,43708,Ростов-на-Дону,2021-08-07
232,Ирина Антоновна Пахомова,56,HR,111909,Москва,2019-02-24
233,Измаил Иосипович Комаров,25,Sales,116581,Ростов-на-Дону,2025-04-03
234,Мирон Ануфриевич Афанасьев,30,Logistics,168680,Москва,2018-03-15
235,Оксана Богдановна Нестерова,22,Sales,114537,Казань,2017-07-25
236,Лыткина Акулина Альбертовна,52,Marketing,129314,Санкт-Петербург,2023-04-25
237,Гусев Феофан Гертрудович,25,Finance,165233,Москва,2016-02-17
238,Евфросиния Эдуардовна Рябова,26,Marketing,168908,Москва,2023-07-30
239,Носов Гедеон Ааронович,58,Logistics,54053,Санкт-Петербург,2018-03-20
240,Василиса Тимофеевна Максимова,31,Support,187545,Новосибирск,2023-06-06
241,Князев Александр Васильевич,27,HR,71051,Екатеринбург,2015-08-05
242,Жанна Эдуардовна Маркова,48,Sales,196271,Самара,2015-08-08
243,Владлен Федосеевич Назаров,36,Support,176989,Казань,2016-07-31
244,Третьяков Митофан Якубович,50,Marketing,117949,Самара,2021-05-19
245,Ефрем Андреевич Артемьев,59,Marketing,120053,Екатеринбург,2023-04-12
246,Регина Кузьминична Рыбакова,25,Sales,66013,Самара,2021-11-17
247,Архипов Олег Федотович,35,Logistics,95318,Новосибирск,2022-04-22
248,тов. Богданов Болеслав Захарьевич,27,HR,102879,Санкт-Петербург,2021-07-12
249,Егоров Ярополк Зиновьевич,57,IT,81034,Москва,2019-04-03
250,Анисимова Оксана Сергеевна,48,Marketing,195664,Казань,2021-07-01
251,Филатов Викентий Григорьевич,40,IT,100680,Новосибирск,2019-09-30
252,Надежда Львовна Шарапова,40,Logistics,159021,Москва,2019-12-24
253,Валентин Жанович Котов,36,Finance,194609,Ростов-на-Дону,2018-07-27
254,Герасим Харламович Виноградов,34,Marketing,70087,Екатеринбург,2016-05-10
255,Горбунов Валерий Марсович,36,Logistics,79056,Новосибирск,2023-07-25
256,Сафонова Тамара Федоровна,31,IT,55633,Санкт-Петербург,2018-09-28
257,Казаков Панфил Антипович,41,Sales,189214,Новосибирск,2025-02-16
258,Казакова Валентина Филипповна,50,IT,162866,Ростов-на-Дону,2020-07-08
259,Трофимов Захар Борисович,41,Logistics,145515,Новосибирск,2018-12-11
260,Андреева Ирина Филипповна,54,Sales,169445,Казань,2017-09-15
261,Феликс Адрианович Кошелев,27,Sales,50449,Казань,2024-09-25
262,Ираида Алексеевна Королева,42,Sales,105632,Москва,2018-03-06
263,Лукия Макаровна Иванова,27,HR,190784,Екатеринбург,2017-04-04
264,Прохоров Олег Арсеньевич,23,Support,110650,Екатеринбург,2016-11-11
265,Новикова Анна Станиславовна,24,Support,85925,Казань,2017-08-05
266,Матвей Владиленович Фомин,55,Logistics,155927,Новосибирск,2018-07-24
267,Ферапонт Архипович Доронин,33,Sales,154264,Ростов-на-Дону,2015-12-21
268,Орехов Антип Артурович,53,IT,163210,Новосибирск,2018-03-01
269,Мартынова Элеонора Павловна,48,Finance,124163,Ростов-на-Дону,2019-08-03
270,Копылов Викентий Изотович,28,Support,82159,Новосибирск,2019-09-29
271,Христофор Чеславович Назаров,48,Logistics,169884,Новосибирск,2022-02-12
272,Афанасьев Эммануил Антонович,47,Support,184204,Москва,2015-07-10
273,Еремей Викентьевич Фадеев,51,IT,122448,Новосибирск,2017-12-31
274,Аверьян Эдуардович Дементьев,42,IT,145952,Самара,2019-10-02
275,Лукин Иван Юлианович,54,Support,40301,Ростов-на-Дону,2021-01-12
276,Казакова Анжела Никифоровна,56,Marketing,148330,Москва,2024-01-24
277,Соколов Родион Артемьевич,34,Sales,134838,Екатеринбург,2024-01-25
278,Дроздова Милица Николаевна,53,Logistics,155878,Самара,2018-05-04
279,Любосмысл Власович Брагин,25,HR,110007,Екатеринбург,2024-12-02
280,Митофан Афанасьевич Кудряшов,30,Finance,154849,Ростов-на-Дону,2023-11-21
281,Сафонов Олег Артурович,53,IT,47567,Ростов-на-Дону,2019-05-27
282,Мартьян Гурьевич Миронов,60,Support,102730,Ростов-на-Дону,2023-03-28
283,Калашников Викентий Яковлевич,32,Finance,184399,Москва,2017-05-20
284,Любовь Вениаминовна Фролова,57,Marketing,64434,Санкт-Петербург,2016-06-21
285,Дементий Витальевич Мишин,29,Marketing,70793,Ростов-на-Дону,2023-01-14
286,Селиверстов Семен Фомич,31,Marketing,116509,Екатеринбург,2022-12-27
287,Нонна Феликсовна Носкова,39,Marketing,166484,Казань,2021-10-18
288,Князева Лариса Владиславовна,37,Marketing,184510,Санкт-Петербург,2019-11-04
289,Лазарь Елизарович Капустин,46,HR,197123,Екатеринбург,2016-01-03
290,Никифорова Октябрина Петровна,30,Support,58300,Новосибирск,2015-10-27
291,Конон Артемьевич Юдин,48,Finance,173100,Новосибирск,2024-02-02
292,Эмилия Эльдаровна Селезнева,22,Finance,118264,Самара,2019-04-16
293,Пестова Алина Петровна,59,Sales,168356,Самара,2024-07-14
294,Пономарева Лидия Юльевна,31,Marketing,181185,Казань,2020-03-14
295,Семенов Радим Бориславович,44,Finance,184681,Самара,2023-07-22
296,Анжелика Сергеевна Юдина,56,Marketing,159365,Новосибирск,2017-03-03
297,Порфирий Феоктистович Назаров,34,Logistics,102601,Екатеринбург,2020-09-02
298,Давыдов Кондрат Терентьевич,46,HR,147682,Москва,2019-07-14
299,Эммануил Антипович Вишняков,42,Logistics,163987,Ростов-на-Дону,2021-10-02
300,Максим Богданович Наумов,46,Marketing,79873,Казань,2022-03-25
301,Эраст Вилорович Миронов,24,HR,171672,Екатеринбург,2016-04-04
302,Фомичева Любовь Константиновна,43,Support,66309,Самара,2025-02-13
303,Карпова Василиса Эльдаровна,50,IT,177874,Казань,2022-07-14
304,Шилов Назар Игнатович,22,Logistics,77789,Казань,2023-07-30
305,Никонова Светлана Богдановна,31,IT,163074,Самара,2021-11-26
306,Митофан Аверьянович Денисов,38,Finance,144197,Ростов-на-Дону,2018-07-14
307,Лукия Рудольфовна Григорьева,27,Support,126131,Самара,2017-09-16
308,Воробьев Лавр Бориславович,56,Marketing,123010,Ростов-на-Дону,2020-07-09
309,Гришина Светлана Антоновна,53,Support,181824,Москва,2022-01-24
310,Юлия Владимировна Кириллова,26,HR,115334,Санкт-Петербург,2019-03-19
311,Никонов Ярополк Владленович,27,Marketing,65806,Самара,2022-08-28
312,Громов Изот Феофанович,28,Marketing,83611,Ростов-на-Дону,2021-07-20
313,Нонна Евгеньевна Лукина,41,IT,52056,Новосибирск,2017-11-01
314,Олимпиада Георгиевна Фомина,25,Finance,133969,Новосибирск,2022-03-24
315,Быкова Октябрина Ильинична,49,HR,104014,Екатеринбург,2023-03-24
316,Гаврилова Галина Геннадьевна,48,Sales,87200,Санкт-Петербург,2023-06-16
317,Максимов Антонин Харлампьевич,33,IT,199774,Самара,2024-03-09
318,Орлова Регина Васильевна,46,Sales,103132,Казань,2018-04-18
319,Ираида Петровна Лихачева,59,HR,100866,Казань,2020-07-30
320,Анна Дмитриевна Зыкова,38,Marketing,106932,Ростов-на-Дону,2019-12-15
321,Александр Фёдорович Зайцев,22,Support,161963,Новосибирск,2019-05-30
322,Никандр Артурович Давыдов,56,HR,59362,Казань,2017-09-09
323,Валерьян Игнатьевич Вишняков,44,Sales,118421,Ростов-на-Дону,2016-11-26
324,Фомичев Савва Викентьевич,49,Logistics,105561,Казань,2023-01-13
325,Яков Абрамович Лихачев,41,HR,140845,Самара,2016-03-27
326,Геннадий Федосьевич Макаров,52,IT,102182,Казань,2023-03-17
327,Ильин Анисим Демидович,58,Finance,190683,Новосибирск,2019-08-23
328,Оксана Афанасьевна Макарова,40,IT,143758,Новосибирск,2023-10-24
329,г-н Евдокимов Софон Демидович,22,Sales,52856,Екатеринбург,2022-08-18
330,Август Ильич Журавлев,53,Support,115024,Самара,2021-02-24
331,Агафонов Борислав Иосипович,36,Sales,132358,Санкт-Петербург,2016-02-14
332,Селезнева Прасковья Тимуровна,34,Sales,105700,Ростов-на-Дону,2015-08-25
333,Алина Натановна Давыдова,30,Logistics,65470,Ростов-на-Дону,2017-12-24
334,Устинов Артем Изотович,24,Finance,155559,Москва,2017-11-08
335,Орлова Фаина Леоновна,59,Finance,74448,Москва,2016-10-11
336,Мартьян Всеволодович Никонов,40,Finance,148921,Санкт-Петербург,2023-03-28
337,Самуил Гавриилович Корнилов,34,HR,181402,Новосибирск,2016-10-16
338,Фокина Оксана Антоновна,55,Sales,111441,Самара,2018-05-18
339,Медведев Андроник Жанович,32,Finance,166313,Самара,2024-10-11
340,Авдеева София Руслановна,40,Logistics,128792,Самара,2017-12-23
341,Евдокия Ильинична Ефимова,29,Marketing,59739,Санкт-Петербург,2024-01-25
342,Лапин Максимильян Егорович,36,Support,144179,Самара,2016-09-08
343,Нифонт Феоктистович Самсонов,57,Finance,63672,Самара,2025-01-04
344,Дорофей Эдуардович Шубин,47,IT,109326,Екатеринбург,2020-06-02
345,Регина Ивановна Брагина,29,Marketing,136622,Ростов-на-Дону,2016-04-08
346,Петр Гавриилович Некрасов,38,Sales,139883,Самара,2018-05-20
347,Большаков Лавр Ефремович,45,IT,101295,Казань,2019-11-26
348,Сергеева Нинель Макаровна,23,Sales,187169,Новосибирск,2019-12-01
349,Сысоева Людмила Юрьевна,36,Logistics,56571,Ростов-на-Дону,2025-06-05
350,Арефий Артемьевич Агафонов,51,Logistics,119217,Ростов-на-Дону,2021-10-26
351,Гордей Аксёнович Баранов,48,IT,76641,Москва,2023-12-07
352,Быкова Александра Владимировна,24,Finance,169138,Москва,2016-02-12
353,Майя Михайловна Блинова,28,HR,180914,Санкт-Петербург,2024-12-09
354,Степанов Радим Исидорович,46,Marketing,137258,Ростов-на-Дону,2019-03-01
355,Ульяна Валентиновна Лобанова,56,Marketing,193967,Ростов-на-Дону,2019-02-11
356,Клавдий Денисович Кондратьев,31,Marketing,65957,Самара,2016-07-30
357,Чернова Регина Натановна,53,Sales,146985,Новосибирск,2024-07-31
358,Носов Казимир Филатович,24,Logistics,137132,Санкт-Петербург,2017-08-03
359,Шубина Пелагея Геннадьевна,50,Marketing,101895,Самара,2016-09-01
360,Нонна Вячеславовна Мясникова,45,IT,136294,Екатеринбург,2022-07-30
361,тов. Харитонова Любовь Афанасьевна,44,IT,144369,Новосибирск,2020-12-11
362,Ладимир Владиленович Кулаков,34,IT,159201,Москва,2022-07-17
363,Захарова Майя Степановна,35,Logistics,196538,Москва,2017-09-08
364,Вера Егоровна Вишнякова,25,Support,127427,Санкт-Петербург,2020-05-20
365,Филипп Исидорович Абрамов,30,Support,188000,Санкт-Петербург,2023-06-25
366,Костина Анна Афанасьевна,26,Support,185282,Санкт-Петербург,2018-07-15
367,тов. Назарова Надежда Наумовна,59,HR,101079,Новосибирск,2023-09-05
368,Лыткин Лукьян Артёмович,31,Support,196233,Москва,2019-12-11
369,Коновалова Василиса Тимуровна,39,Support,77929,Санкт-Петербург,2021-11-04
370,Меркушев Владислав Феликсович,56,Finance,85743,Москва,2020-06-21
371,Варвара Семеновна Степанова,23,HR,43895,Новосибирск,2018-06-26
372,Колобов Зиновий Изотович,37,Sales,124874,Москва,2024-12-02
373,Боброва Анжелика Ждановна,33,Finance,53736,Санкт-Петербург,2017-05-29
374,Ирина Владимировна Исаева,48,Sales,69792,Ростов-на-Дону,2018-06-22
375,Овчинникова Глафира Эдуардовна,26,Marketing,157512,Самара,2024-11-10
376,Прохоров Ярополк Игоревич,45,Sales,195625,Москва,2023-11-14
377,Шарапова Алевтина Артемовна,50,Sales,98077,Екатеринбург,2015-11-25
378,Игнатьева Иванна Григорьевна,24,Logistics,176695,Новосибирск,2023-02-11
379,Амвросий Эдуардович Белозеров,51,Logistics,48165,Москва,2021-09-19
380,Ладислав Харлампьевич Николаев,52,Support,145281,Казань,2023-06-29
381,Петухова Оксана Анатольевна,28,Marketing,156277,Москва,2022-05-01
382,Аксенов Святополк Фомич,27,Finance,199461,Санкт-Петербург,2017-06-26
383,Веселова Лариса Макаровна,26,HR,112093,Екатеринбург,2025-03-14
384,Фомин Софон Борисович,59,Sales,125245,Казань,2018-08-20
385,Карл Филимонович Крылов,60,Sales,117305,Казань,2016-11-07
386,Блохин Нестор Федосеевич,54,Sales,152774,Москва,2017-12-04
387,Галина Леонидовна Колобова,29,Support,184529,Ростов-на-Дону,2021-03-22
388,Гордей Эдуардович Копылов,35,Marketing,158372,Санкт-Петербург,2020-02-11
389,Полина Архиповна Тарасова,48,Finance,158882,Казань,2024-11-23
390,Меркушева Жанна Даниловна,48,Logistics,64926,Новосибирск,2021-04-11
391,Бобров Серафим Харитонович,49,Finance,106817,Новосибирск,2018-04-20
392,Киселев Петр Венедиктович,31,Logistics,164326,Москва,2024-04-08
393,Фадеева Милица Михайловна,27,Support,62377,Москва,2015-11-24
394,Шилов Евлампий Иосипович,49,IT,137687,Самара,2020-12-22
395,Селезнев Радим Елисеевич,30,Sales,55723,Екатеринбург,2023-09-12
396,Костина Варвара Владимировна,57,Sales,126414,Ростов-на-Дону,2025-03-12
397,Мартьян Иосифович Симонов,29,Marketing,132693,Самара,2016-11-20
398,Власова Прасковья Аскольдовна,49,Support,53486,Новосибирск,2015-11-24
399,Миронов Савватий Ярославович,60,Finance,132181,Москва,2020-01-06
400,Копылова Вера Леонидовна,58,Sales,95768,Санкт-Петербург,2024-10-04
401,Никодим Ефимович Капустин,52,HR,68368,Новосибирск,2018-10-22
402,Синклитикия Рудольфовна Рогова,57,Finance,70116,Самара,2021-01-27
403,Аггей Исидорович Суханов,39,Sales,99286,Самара,2022-03-08
404,Фаина Константиновна Евсеева,49,Support,187053,Самара,2024-06-07
405,Алевтина Эльдаровна Мухина,57,IT,199644,Ростов-на-Дону,2018-02-05
406,Лыткина Фаина Филипповна,39,IT,87294,Новосибирск,2017-09-20
407,Архипов Данила Тарасович,41,Finance,132018,Москва,2016-12-02
408,Морозова Ульяна Вадимовна,33,Support,77552,Екатеринбург,2017-05-08
409,Панкрат Вилорович Тихонов,47,IT,77191,Ростов-на-Дону,2022-05-08
410,Юлий Харитонович Уваров,23,IT,179062,Санкт-Петербург,2023-12-06
411,Крюкова Вера Семеновна,46,Marketing,158920,Новосибирск,2017-07-08
412,Самсон Матвеевич Веселов,32,Finance,121693,Ростов-на-Дону,2025-01-04
413,Твердислав Измаилович Некрасов,42,Support,188791,Екатеринбург,2018-12-27
414,Иванна Юрьевна Трофимова,27,IT,80784,Санкт-Петербург,2017-05-14
415,Федосий Ефимович Цветков,25,Logistics,61386,Новосибирск,2024-11-10
416,Ия Григорьевна Пахомова,50,Logistics,151152,Казань,2022-06-30
417,Милен Елизарович Дмитриев,60,Marketing,148575,Новосибирск,2016-08-30
418,Щербакова Марфа Макаровна,35,Support,174308,Москва,2024-12-28
419,Кира Аскольдовна Дмитриева,44,Marketing,69069,Новосибирск,2024-12-30
420,Стрелков Пров Дмитриевич,59,Marketing,178132,Ростов-на-Дону,2022-12-02
421,Шарапов Тимофей Егорович,41,IT,97807,Казань,2024-10-10
422,Кудрявцева Валентина Юрьевна,60,IT,42015,Санкт-Петербург,2022-11-08
423,Васильев Тарас Давидович,41,HR,75975,Самара,2021-10-28
424,Тихонов Максимильян Харитонович,38,Finance,126015,Москва,2016-06-13
425,Агата Тимуровна Гущина,22,Marketing,152893,Санкт-Петербург,2017-01-08
426,Бобылева Олимпиада Романовна,30,Marketing,179613,Ростов-на-Дону,2021-12-13
427,Ия Леонидовна Дмитриева,36,Sales,186466,Самара,2021-11-26
428,Анна Филипповна Жукова,44,IT,144089,Самара,2020-10-17
429,Колобова Александра Вячеславовна,24,Marketing,44912,Казань,2019-08-16
430,Александра Никифоровна Устинова,26,Support,122066,Екатеринбург,2020-05-25
431,Кира Антоновна Кузнецова,49,Sales,146017,Ростов-на-Дону,2018-06-06
432,Гущина Лора Ильинична,48,Finance,70192,Казань,2019-12-27
433,Назарова Полина Валентиновна,23,Finance,85055,Самара,2023-12-15
434,Евдоким Брониславович Суханов,51,Support,134857,Москва,2017-01-25
435,Исай Гаврилович Попов,49,Support,67751,Санкт-Петербург,2022-10-23
436,Татьяна Георгиевна Захарова,49,Sales,144975,Екатеринбург,2021-07-21
437,Маслова Наталья Степановна,27,Marketing,121336,Ростов-на-Дону,2018-09-21
438,Валентин Гаврилович Кудрявцев,43,HR,127311,Самара,2020-03-21
439,Агата Захаровна Блинова,32,IT,173820,Ростов-на-Дону,2017-10-19
440,Лора Кузьминична Логинова,29,Sales,173680,Санкт-Петербург,2022-09-03
441,Лапин Мирослав Данилович,44,Finance,78716,Санкт-Петербург,2016-01-24
442,Тимофеев Гордей Трофимович,28,HR,107100,Санкт-Петербург,2022-04-22
443,Ксения Васильевна Кабанова,33,Sales,80073,Самара,2024-08-09
444,Юрий Гурьевич Поляков,26,HR,169529,Казань,2025-01-07
445,Радован Марсович Аксенов,58,Support,191904,Казань,2022-06-19
446,Синклитикия Даниловна Фадеева,58,Logistics,124727,Самара,2017-12-01
447,Анжелика Станиславовна Третьякова,42,HR,155281,Москва,2020-09-22
448,Феоктист Брониславович Семенов,52,Marketing,119382,Самара,2023-09-25
449,Евпраксия Филипповна Белякова,39,Sales,54725,Новосибирск,2016-12-10
450,Спиридон Феофанович Андреев,54,IT,121371,Казань,2022-04-01
451,Емельянова Анна Степановна,50,IT,54913,Новосибирск,2019-11-25
452,Титов Соломон Фёдорович,40,IT,63670,Екатеринбург,2020-01-05
453,Суворов Леон Адамович,60,Sales,140789,Казань,2019-05-28
454,Екатерина Харитоновна Богданова,59,Sales,50753,Казань,2015-11-24
455,Арсений Ануфриевич Колобов,58,Logistics,89345,Новосибирск,2024-05-21
456,Олимпиада Антоновна Дмитриева,60,Marketing,171430,Санкт-Петербург,2019-07-14
457,Наина Максимовна Рожкова,25,Marketing,67132,Самара,2019-04-09
458,Марина Мироновна Федорова,43,Logistics,62106,Екатеринбург,2022-04-10
459,Потапова Вера Макаровна,33,IT,104944,Ростов-на-Дону,2016-08-18
460,тов. Лобанова Василиса Дмитриевна,50,Marketing,177381,Екатеринбург,2023-10-17
461,Клавдия Рубеновна Муравьева,32,Finance,137740,Новосибирск,2022-08-20
462,Натан Давыдович Крылов,46,Marketing,128700,Ростов-на-Дону,2020-01-19
463,Пономарев Вениамин Александрович,60,IT,127726,Москва,2023-07-17
464,Аггей Демидович Ершов,43,IT,186266,Ростов-на-Дону,2016-02-12
465,Третьякова Фёкла Альбертовна,46,Finance,106059,Ростов-на-Дону,2017-11-22
466,Быков Игорь Григорьевич,60,Support,79419,Новосибирск,2022-12-27
467,Вера Сергеевна Калинина,27,Sales,77074,Новосибирск,2017-10-14
468,Ульяна Кузьминична Игнатьева,41,Logistics,142749,Санкт-Петербург,2021-06-04
469,Маркова Жанна Кузьминична,60,Logistics,62208,Новосибирск,2024-03-16
470,Регина Дмитриевна Тихонова,57,Marketing,126108,Самара,2018-06-13
471,Блохин Харлампий Всеволодович,30,Logistics,177990,Москва,2021-09-14
472,Серафим Анисимович Лыткин,49,Sales,134851,Москва,2018-11-21
473,Щербакова Светлана Кузьминична,45,Finance,87254,Санкт-Петербург,2022-05-29
474,Ладимир Матвеевич Герасимов,43,Support,167473,Санкт-Петербург,2022-12-27
475,Зиновий Ефимович Гордеев,36,HR,80617,Москва,2022-07-09
476,Анастасия Федоровна Тихонова,40,Support,66513,Екатеринбург,2025-02-14
477,Кузьмина Мария Ефимовна,56,Support,178027,Москва,2017-12-29
478,Богдан Филимонович Сазонов,43,Support,74353,Екатеринбург,2019-02-26
479,Никонова Евдокия Альбертовна,46,HR,82532,Санкт-Петербург,2018-02-16
480,Елисеева Алина Анатольевна,32,Logistics,154733,Москва,2017-04-29
481,Тамара Даниловна Архипова,48,Finance,102267,Казань,2017-07-14
482,Клавдия Андреевна Соболева,40,Support,157683,Санкт-Петербург,2024-10-25
483,Варвара Романовна Фомичева,56,HR,121125,Самара,2017-11-14
484,Ершова Марфа Егоровна,52,Support,90860,Новосибирск,2020-12-18
485,Марина Рубеновна Лукина,58,Marketing,161026,Самара,2021-12-06
486,Мирослав Якубович Бобылев,40,Support,140105,Екатеринбург,2020-06-01
487,Молчанов Рюрик Жоресович,55,Marketing,82482,Самара,2024-08-03
488,Остромир Андреевич Воронцов,34,Support,198508,Санкт-Петербург,2024-02-01
489,Соколова Иванна Тимуровна,38,IT,165983,Самара,2024-10-16
490,Аксенова Кира Владиславовна,45,Sales,66893,Ростов-на-Дону,2017-05-28
491,Ермаков Иннокентий Эдуардович,55,Support,72683,Новосибирск,2020-12-13
492,Лукия Ждановна Фадеева,27,Support,82024,Новосибирск,2023-08-30
493,Пелагея Робертовна Романова,50,Sales,78626,Самара,2022-10-09
494,Вышеслав Эдгардович Герасимов,49,IT,98205,Самара,2024-08-12
495,Носкова Анастасия Станиславовна,50,Finance,46991,Казань,2015-10-13
496,Алла Александровна Тихонова,25,Marketing,171598,Новосибирск,2016-10-26
497,Виноградова Виктория Андреевна,37,Marketing,61392,Новосибирск,2017-08-18
498,Аристарх Харлампьевич Прохоров,36,IT,123541,Москва,2020-04-28
499,Жданов Остап Авдеевич,43,Support,78285,Санкт-Петербург,2015-08-12
500,Белякова Ия Архиповна,24,Finance,163851,Ростов-на-Дону,2020-06-19
501,Горбунова Дарья Борисовна,30,Support,162974,Казань,2024-08-16
502,Журавлева Евдокия Яковлевна,22,IT,44981,Новосибирск,2020-09-16
503,Ираида Никифоровна Федорова,35,Support,79195,Екатеринбург,2019-03-05
504,Феофан Демьянович Игнатов,60,Sales,150953,Москва,2017-09-14
505,Якушева Анжелика Антоновна,40,HR,118944,Москва,2016-05-18
506,Устин Харламович Павлов,25,HR,150054,Ростов-на-Дону,2021-10-24
507,Михайлова Полина Оскаровна,51,IT,69060,Самара,2021-11-22
508,Валентин Анатольевич Данилов,53,Sales,180523,Москва,2017-07-23
509,Татьяна Руслановна Дорофеева,54,Sales,103422,Ростов-на-Дону,2015-11-29
510,Стрелков Климент Александрович,31,Finance,152522,Москва,2017-03-28
511,Акулина Григорьевна Сафонова,44,HR,189596,Казань,2016-11-19
512,Марфа Анатольевна Петухова,33,Logistics,62443,Екатеринбург,2017-01-25
513,Щукин Никита Игнатович,45,IT,177903,Екатеринбург,2019-04-14
514,Вишнякова Анжелика Сергеевна,54,Support,173070,Екатеринбург,2022-11-25
515,Валерьян Феодосьевич Жуков,23,Marketing,163243,Москва,2023-10-31
516,Юрий Тихонович Лыткин,46,Finance,106492,Ростов-на-Дону,2023-03-07
517,Дорофеев Радим Эдгардович,23,Finance,57710,Новосибирск,2017-09-22
518,Мельникова Нина Геннадиевна,37,Logistics,67174,Самара,2022-03-29
519,Михайлова Юлия Кирилловна,59,Logistics,127167,Санкт-Петербург,2023-06-05
520,Михайлова Ираида Владиславовна,24,Finance,183134,Новосибирск,2019-03-31
521,Виктория Натановна Филиппова,33,Support,161798,Ростов-на-Дону,2019-01-19
522,Фокин Леон Феофанович,52,Logistics,87783,Самара,2019-01-16
523,Влас Афанасьевич Герасимов,30,IT,159977,Москва,2019-10-03
524,Копылова Надежда Борисовна,40,HR,51483,Самара,2015-09-15
525,Вадим Зиновьевич Князев,34,IT,122731,Новосибирск,2019-04-19
526,Никанор Архипович Владимиров,54,Marketing,182352,Казань,2024-06-15
527,Зинаида Филипповна Галкина,38,IT,90096,Новосибирск,2017-02-20
528,Вышеслав Евстигнеевич Антонов,44,Support,52531,Самара,2018-02-16
529,Сергеев Платон Елизарович,43,Finance,72630,Самара,2019-08-28
530,Бажен Иосипович Максимов,45,Marketing,144863,Ростов-на-Дону,2024-11-20
531,Горшкова Фёкла Юрьевна,50,Marketing,128876,Санкт-Петербург,2017-05-26
532,Антонов Аверьян Тихонович,53,Logistics,170422,Новосибирск,2018-10-07
533,Брагина Лора Павловна,55,Finance,61656,Ростов-на-Дону,2018-10-16
534,Фёкла Валентиновна Петухова,49,IT,152881,Екатеринбург,2018-08-26
535,Евпраксия Романовна Веселова,33,Sales,117009,Новосибирск,2017-03-21
536,Лучезар Ермолаевич Зиновьев,28,IT,125962,Ростов-на-Дону,2022-05-24
537,г-н Большаков Назар Елисеевич,40,Finance,156894,Екатеринбург,2023-08-11
538,Викентий Германович Капустин,49,HR,156367,Новосибирск,2025-06-02
539,Комиссаров Ульян Адрианович,50,IT,132421,Екатеринбург,2024-12-22
540,Епифан Феоктистович Лаврентьев,49,Finance,55036,Москва,2018-05-11
541,Зыкова Надежда Святославовна,47,Finance,174502,Самара,2016-11-01
542,Ипполит Витальевич Терентьев,32,IT,77428,Самара,2019-09-04
543,Прохор Харлампович Логинов,60,Logistics,154864,Москва,2019-06-15
544,Русакова Наина Тимофеевна,30,IT,101864,Самара,2015-10-24
545,Синклитикия Эльдаровна Кабанова,45,Finance,140362,Екатеринбург,2024-08-03
546,Крылов Мина Владленович,24,Sales,80222,Ростов-на-Дону,2021-11-30
547,Юдин Нифонт Игнатович,50,Finance,137521,Казань,2025-02-06
548,Автоном Бориславович Осипов,26,Sales,76095,Екатеринбург,2017-08-30
549,Тамара Харитоновна Пахомова,45,Marketing,122414,Ростов-на-Дону,2021-03-13
550,Никифор Фомич Мамонтов,39,HR,69739,Москва,2022-03-29
551,Алексеева Любовь Алексеевна,33,Marketing,175723,Казань,2020-04-09
552,Борислав Валентинович Никонов,57,IT,108623,Самара,2024-11-07
553,Никифоров Мефодий Филиппович,38,Logistics,156987,Санкт-Петербург,2023-04-15
554,Шестакова Олимпиада Болеславовна,40,Logistics,168765,Санкт-Петербург,2019-10-29
555,Филиппова Ангелина Кузьминична,29,HR,59412,Казань,2015-11-22
556,Лебедева Лукия Борисовна,33,Logistics,156683,Москва,2022-03-20
557,Гришин Илья Ярославович,42,Logistics,131075,Ростов-на-Дону,2017-03-10
558,Шилов Парфен Фомич,26,Sales,182126,Новосибирск,2017-10-05
559,Доброслав Гаврилович Кабанов,41,Support,81289,Ростов-на-Дону,2022-01-07
560,Юрий Герасимович Савельев,33,Support,134763,Екатеринбург,2021-05-14
561,Ермил Гертрудович Матвеев,36,IT,92685,Самара,2022-12-20
562,Ангелина Филипповна Орлова,30,HR,169504,Москва,2023-06-10
563,Громова Лидия Геннадьевна,45,Sales,190019,Новосибирск,2020-01-08
564,Селиван Жанович Кириллов,51,Support,184610,Санкт-Петербург,2019-05-01
565,Викентий Иларионович Казаков,27,IT,121078,Казань,2023-11-25
566,Авдеева Клавдия Юрьевна,52,Sales,147687,Самара,2021-05-06
567,Веселова Варвара Егоровна,48,Support,190706,Москва,2018-07-01
568,Шубин Вячеслав Яковлевич,30,Finance,59441,Казань,2019-05-01
569,Игнатьева Мария Олеговна,51,Logistics,175622,Новосибирск,2017-04-20
570,Шубина Дарья Федоровна,30,Support,184520,Ростов-на-Дону,2017-02-10
571,Дорофей Жанович Одинцов,59,HR,73825,Казань,2019-12-15
572,Ефимов Авксентий Чеславович,54,Support,54526,Самара,2016-10-22
573,Тамара Сергеевна Лапина,29,Sales,80112,Новосибирск,2020-05-24
574,Аксенова Нинель Рудольфовна,32,HR,124583,Ростов-на-Дону,2017-02-11
575,Евсеева Елена Кирилловна,36,Finance,176025,Новосибирск,2015-10-09
576,Дмитриев Давыд Фокич,27,Finance,91459,Ростов-на-Дону,2021-02-06
577,Полина Тимуровна Панфилова,57,Finance,72812,Ростов-на-Дону,2016-07-29
578,Носов Тихон Иосифович,41,Sales,179848,Москва,2020-11-12
579,Нинель Тимофеевна Рябова,54,Logistics,84206,Екатеринбург,2025-05-05
580,Никонов Иосиф Ефимович,59,HR,84879,Ростов-на-Дону,2024-03-11
581,Белоусов Милен Афанасьевич,60,Finance,187749,Москва,2019-11-01
582,г-жа Никитина Феврония Макаровна,23,IT,51917,Ростов-на-Дону,2024-01-21
583,Котова Глафира Юрьевна,58,Finance,95262,Самара,2016-11-01
584,Ершов Аристарх Иларионович,58,Marketing,47939,Казань,2020-10-07
585,Романова Лидия Кирилловна,56,Finance,119192,Казань,2018-05-03
586,Софон Богданович Кузьмин,37,Support,146454,Новосибирск,2025-01-27
587,Анастасия Игоревна Князева,51,IT,55705,Санкт-Петербург,2022-01-01
588,Титова Зинаида Вениаминовна,50,Marketing,166943,Казань,2022-07-23
589,Марфа Рудольфовна Баранова,35,Finance,199032,Санкт-Петербург,2021-03-21
590,Павел Матвеевич Савельев,42,Support,123706,Ростов-на-Дону,2016-03-13
591,Анна Ниловна Копылова,44,Marketing,74279,Самара,2022-12-11
592,Шашкова Маргарита Робертовна,45,Sales,187233,Москва,2024-12-12
593,Авдей Бенедиктович Гурьев,42,HR,162282,Москва,2025-03-02
594,Игнатова Людмила Афанасьевна,39,Marketing,104990,Санкт-Петербург,2023-05-27
595,Пахом Гордеевич Горшков,28,IT,116077,Казань,2018-02-16
596,Лукия Тимуровна Игнатьева,48,HR,81864,Самара,2016-10-01
597,Лукия Альбертовна Соловьева,42,Sales,121976,Санкт-Петербург,2016-06-09
598,Оксана Архиповна Ильина,32,Marketing,174932,Казань,2024-09-27
599,Панов Август Федотович,53,Finance,170382,Москва,2017-06-20
600,Титова Клавдия Валериевна,27,Marketing,172499,Казань,2024-03-10
601,Анна Михайловна Максимова,37,HR,192920,Новосибирск,2016-04-08
602,Кулагина Глафира Альбертовна,25,IT,113755,Казань,2019-05-29
603,Игорь Федотович Лапин,60,Support,163361,Новосибирск,2016-05-10
604,Соболев Самсон Артемьевич,56,IT,68179,Казань,2016-10-08
605,Федосеев Прокл Августович,30,Finance,135886,Самара,2015-07-11
606,Виссарион Федосьевич Шубин,47,Finance,51860,Казань,2016-10-06
607,Блинов Бронислав Бориславович,25,Sales,187276,Санкт-Петербург,2016-06-22
608,Ладимир Викентьевич Щербаков,45,Sales,115655,Москва,2023-03-07
609,Вера Вениаминовна Виноградова,46,Sales,158057,Самара,2020-09-30
610,Кулагин Григорий Феоктистович,57,Finance,71145,Санкт-Петербург,2018-12-15
611,Дементьев Георгий Фадеевич,28,Marketing,137831,Самара,2021-08-09
612,Ерофей Афанасьевич Самсонов,43,Sales,135841,Самара,2016-06-12
613,Феврония Натановна Шестакова,31,HR,197932,Екатеринбург,2025-01-28
614,Вышеслав Денисович Егоров,47,Sales,50552,Москва,2021-11-21
615,Эмиль Еремеевич Гуляев,24,HR,127304,Самара,2024-11-09
616,Сазонов Ладислав Гертрудович,52,Sales,159796,Санкт-Петербург,2020-08-15
617,Дементьева Марфа Кирилловна,60,Sales,76642,Новосибирск,2021-11-27
618,Жанна Святославовна Блинова,42,HR,143010,Екатеринбург,2016-07-27
619,г-н Лобанов Агап Иосипович,41,Sales,128178,Екатеринбург,2024-10-13
620,Самойлов Филарет Федосеевич,54,Sales,168410,Ростов-на-Дону,2019-02-05
621,Фадеева Олимпиада Анатольевна,58,Finance,164490,Самара,2015-08-11
622,Белоусов Ермолай Анатольевич,23,Finance,126832,Ростов-на-Дону,2024-09-02
623,Марфа Сергеевна Дмитриева,29,Marketing,193014,Новосибирск,2021-09-24
624,Аксенова Наталья Ниловна,23,Sales,164410,Новосибирск,2016-04-08
625,Горбачева Виктория Игоревна,59,Sales,99649,Ростов-на-Дону,2016-04-12
626,Русаков Елизар Витальевич,25,Sales,165946,Санкт-Петербург,2020-10-22
627,Артемий Ефстафьевич Игнатов,55,Logistics,139664,Санкт-Петербург,2019-10-27
628,Жанна Аркадьевна Николаева,37,IT,190095,Ростов-на-Дону,2016-04-21
629,Радован Антонович Никифоров,29,HR,44964,Казань,2022-02-08
630,Захарова Варвара Андреевна,42,Marketing,79696,Казань,2022-07-10
631,Сорокина Полина Макаровна,35,Marketing,171548,Самара,2020-09-03
632,Иванна Викторовна Давыдова,52,Support,56326,Ростов-на-Дону,2016-09-17
633,Ираида Васильевна Мамонтова,30,Sales,94353,Екатеринбург,2024-06-11
634,Пахом Егорович Назаров,42,Logistics,165402,Екатеринбург,2016-01-31
635,Игнатьева Анжела Святославовна,46,Finance,85398,Казань,2019-12-30
636,Сигизмунд Владленович Фомин,56,Finance,183202,Новосибирск,2017-01-06
637,Ульяна Вадимовна Данилова,38,Sales,166924,Санкт-Петербург,2022-11-08
638,Гордеев Агап Демьянович,37,Finance,186299,Новосибирск,2015-11-26
639,Геннадий Вячеславович Тетерин,36,Finance,115760,Ростов-на-Дону,2025-01-18
640,Брагин Панкрат Давидович,35,Logistics,168189,Новосибирск,2018-08-30
641,Лучезар Егорович Шарапов,52,Finance,186928,Самара,2016-03-22
642,Сила Антипович Борисов,39,Finance,71948,Екатеринбург,2017-09-04
643,Соловьева Милица Афанасьевна,56,Marketing,143424,Самара,2024-03-19
644,Ксения Леонидовна Беляева,44,Support,78397,Новосибирск,2020-12-22
645,Медведев Кузьма Ефимьевич,24,Finance,60717,Новосибирск,2022-11-03
646,Фомин Харлампий Эдгарович,50,Logistics,107225,Ростов-на-Дону,2025-06-03
647,София Ефимовна Алексеева,52,HR,92970,Самара,2015-07-05
648,Игорь Изотович Калашников,56,Finance,187329,Ростов-на-Дону,2023-11-03
649,Лора Александровна Мишина,39,HR,68633,Екатеринбург,2022-01-07
650,Ксения Борисовна Ершова,59,HR,103558,Москва,2020-09-28
651,Емельянов Аристарх Викторович,55,HR,101036,Москва,2022-07-24
652,Русаков Игнатий Фадеевич,28,Marketing,126584,Ростов-на-Дону,2022-06-15
653,Борислав Богданович Селезнев,52,IT,76036,Москва,2016-10-11
654,Анжела Эдуардовна Ермакова,57,HR,146668,Ростов-на-Дону,2016-01-25
655,Титова Жанна Кирилловна,52,Marketing,92286,Самара,2018-01-20
656,Никодим Зиновьевич Филиппов,40,Finance,114819,Ростов-на-Дону,2019-12-21
657,Фокин Егор Венедиктович,25,Support,63451,Ростов-на-Дону,2023-03-31
658,Степанова Валентина Викторовна,58,HR,180286,Ростов-на-Дону,2019-12-10
659,Виссарион Ильясович Силин,24,HR,149546,Самара,2023-02-24
660,Ростислав Евсеевич Красильников,33,IT,144069,Самара,2016-08-23
661,Зимин Лазарь Анатольевич,53,HR,115882,Москва,2017-08-05
662,Вероника Богдановна Кулакова,22,Finance,188887,Екатеринбург,2017-12-04
663,Соломон Анисимович Ларионов,28,Finance,114596,Казань,2018-06-07
664,Дарья Алексеевна Селиверстова,56,Sales,169476,Санкт-Петербург,2019-06-28
665,Ульян Денисович Белов,54,Marketing,111522,Санкт-Петербург,2020-01-24
666,Вера Васильевна Попова,29,Finance,82596,Ростов-на-Дону,2016-01-23
667,Елена Владимировна Лазарева,51,Logistics,107440,Ростов-на-Дону,2023-09-06
668,Борислав Дорофеевич Фомичев,33,IT,128371,Самара,2023-07-28
669,Голубев Евстафий Феофанович,40,Sales,90636,Санкт-Петербург,2023-07-16
670,Сазонов Максимильян Валерьевич,47,Support,152119,Екатеринбург,2015-11-14
671,Давыд Феликсович Бирюков,42,IT,145076,Ростов-на-Дону,2022-09-09
672,тов. Федосеев Парфен Всеволодович,28,HR,76860,Казань,2018-12-25
673,Ирина Игоревна Третьякова,42,HR,41790,Новосибирск,2024-04-12
674,Орехов Яков Демьянович,46,HR,157109,Самара,2021-12-01
675,тов. Семенов Боян Елисеевич,39,Finance,119153,Екатеринбург,2019-04-11
676,Степан Денисович Евдокимов,58,IT,108564,Ростов-на-Дону,2025-05-21
677,Соколова Марина Матвеевна,45,Logistics,101945,Москва,2020-03-29
678,Любовь Феликсовна Овчинникова,29,Marketing,120427,Санкт-Петербург,2018-08-29
679,Александр Жоресович Кириллов,47,Logistics,171732,Ростов-на-Дону,2017-08-20
680,Ирина Аркадьевна Корнилова,41,Logistics,70779,Ростов-на-Дону,2025-05-12
681,Комиссарова Фаина Евгеньевна,40,Finance,97894,Санкт-Петербург,2025-03-08
682,Прохоров Иларион Евстигнеевич,30,Marketing,80156,Казань,2020-10-12
683,Анастасия Дмитриевна Игнатьева,60,Finance,149011,Ростов-на-Дону,2023-11-29
684,Людмила Вячеславовна Борисова,57,Marketing,180907,Самара,2017-10-23
685,Мирон Аксёнович Крюков,35,Support,104871,Ростов-на-Дону,2022-06-14
686,Татьяна Вениаминовна Воронцова,60,Support,61461,Екатеринбург,2024-12-05
687,Полина Тимофеевна Никифорова,50,Sales,134839,Москва,2017-03-14
688,Павлов Игорь Гурьевич,58,IT,56189,Самара,2015-08-23
689,Максимильян Германович Константинов,57,Sales,92994,Екатеринбург,2016-09-30
690,Русакова Лидия Аркадьевна,56,HR,83132,Новосибирск,2015-08-31
691,Фомичева Вероника Вадимовна,55,Marketing,70471,Ростов-на-Дону,2023-11-29
692,Анжела Максимовна Крюкова,35,Logistics,192868,Казань,2024-11-11
693,Варлаам Игоревич Антонов,27,Sales,156780,Самара,2018-09-02
694,Нина Рудольфовна Кулагина,25,Marketing,74588,Екатеринбург,2018-08-14
695,Шилова Эмилия Матвеевна,48,Marketing,187825,Москва,2017-09-04
696,Захарова Марина Константиновна,57,Marketing,120784,Ростов-на-Дону,2022-10-14
697,Демьян Ааронович Блохин,23,Marketing,106704,Самара,2022-06-19
698,Якушева Татьяна Антоновна,22,Logistics,97121,Екатеринбург,2017-04-07
699,Юлий Гурьевич Кабанов,26,IT,151069,Новосибирск,2021-02-05
700,Вероника Леоновна Кононова,26,Sales,55795,Москва,2016-03-22
701,Лучезар Владленович Калашников,52,IT,115259,Казань,2024-04-19
702,Рогов Марк Филатович,33,Support,75501,Самара,2015-07-23
703,Шубин Артем Иларионович,48,Finance,140264,Казань,2018-01-04
704,Смирнов Анисим Теймуразович,46,Marketing,61037,Ростов-на-Дону,2019-10-29
705,Гурий Фадеевич Горшков,56,HR,131165,Москва,2024-04-06
706,Назар Бориславович Никонов,33,Sales,143037,Екатеринбург,2020-03-28
707,Елена Валериевна Савельева,30,Logistics,98376,Самара,2016-03-07
708,Кира Архиповна Филиппова,22,Support,45959,Новосибирск,2018-01-20
709,Александров Данила Матвеевич,51,Logistics,182723,Казань,2017-01-19
710,Фокин Вадим Игоревич,56,Marketing,100205,Санкт-Петербург,2021-05-20
711,Трофимова Алевтина Оскаровна,51,Finance,80664,Новосибирск,2024-11-13
712,Белозеров Платон Владиленович,34,Logistics,69581,Москва,2015-12-24
713,Евграф Устинович Игнатов,48,Sales,44101,Санкт-Петербург,2020-12-26
714,София Захаровна Нестерова,35,IT,66449,Екатеринбург,2018-04-05
715,Васильев Никодим Эдгардович,24,Marketing,196705,Ростов-на-Дону,2016-12-24
716,Парфен Афанасьевич Анисимов,25,HR,51596,Казань,2023-09-07
717,Архипова Евпраксия Болеславовна,50,HR,181494,Санкт-Петербург,2015-09-14
718,Калинин Болеслав Харламович,25,HR,172093,Новосибирск,2023-11-19
719,Никон Харитонович Емельянов,36,Support,191023,Новосибирск,2024-05-23
720,Тихон Терентьевич Герасимов,58,Sales,124060,Санкт-Петербург,2019-02-26
721,Дорофей Филатович Соловьев,41,HR,176642,Санкт-Петербург,2018-01-28
722,Зиновий Евстигнеевич Воронцов,48,Finance,112129,Москва,2016-01-23
723,Антонина Артемовна Агафонова,57,Sales,85910,Ростов-на-Дону,2018-11-18
724,Лыткина Феврония Евгеньевна,49,Sales,169924,Москва,2020-12-24
725,Регина Николаевна Меркушева,44,Logistics,139917,Самара,2020-10-19
726,Олимпиада Филипповна Бобылева,55,Finance,149137,Казань,2017-10-19
727,Николай Александрович Овчинников,31,Finance,138686,Санкт-Петербург,2021-02-26
728,Дроздова Юлия Вениаминовна,56,Marketing,103168,Самара,2016-08-24
729,Дарья Викторовна Лыткина,36,Finance,77840,Самара,2017-07-25
730,Волков Панфил Артурович,51,IT,187426,Казань,2025-04-30
731,Гедеон Дорофеевич Филиппов,48,Sales,178934,Санкт-Петербург,2024-07-21
732,Ангелина Богдановна Колесникова,46,HR,106845,Санкт-Петербург,2021-01-03
733,Гордеева Ирина Семеновна,43,Logistics,60727,Казань,2020-01-10
734,Юлия Эдуардовна Галкина,45,IT,180413,Ростов-на-Дону,2023-04-06
735,Алексеев Гедеон Бориславович,34,IT,110375,Казань,2024-09-10
736,Комарова Ия Тарасовна,60,Sales,50367,Самара,2024-03-31
737,Иванна Натановна Лапина,26,HR,194031,Ростов-на-Дону,2020-04-19
738,Петрова Дарья Игоревна,57,HR,165670,Санкт-Петербург,2019-06-23
739,Федосеева Милица Антоновна,43,Finance,44019,Санкт-Петербург,2019-05-27
740,Жанна Альбертовна Кононова,34,Logistics,70753,Ростов-на-Дону,2020-03-12
741,Мокей Адамович Ширяев,52,HR,198440,Ростов-на-Дону,2023-08-14
742,Климент Эдгардович Гордеев,35,Marketing,102739,Екатеринбург,2022-05-29
743,Беспалов Зосима Венедиктович,42,Support,114202,Казань,2018-06-13
744,Носова Лидия Ивановна,51,Sales,134177,Новосибирск,2022-09-25
745,Беляева Евдокия Павловна,38,Finance,174431,Казань,2017-07-23
746,Пелагея Семеновна Беспалова,51,IT,163074,Самара,2019-03-08
747,Вишняков Гордей Арсенович,42,HR,137178,Новосибирск,2018-07-22
748,Кузьмина Светлана Феликсовна,48,IT,187462,Самара,2015-09-25
749,Щукин Евстигней Антонович,36,Logistics,78252,Москва,2017-12-09
750,Мирослав Герасимович Егоров,38,Sales,193100,Екатеринбург,2019-02-16
751,Никон Валерьевич Федосеев,48,Finance,79953,Санкт-Петербург,2015-10-01
752,Чеслав Филатович Борисов,43,HR,139572,Екатеринбург,2025-01-18
753,Устин Иларионович Коновалов,37,Marketing,184347,Ростов-на-Дону,2017-01-29
754,Анна Ильинична Новикова,43,Finance,168089,Ростов-на-Дону,2019-04-24
755,Дроздов Ермил Гурьевич,53,Marketing,84101,Ростов-на-Дону,2021-12-01
756,Федотова Надежда Степановна,44,HR,76689,Ростов-на-Дону,2015-08-24
757,Агафья Руслановна Сысоева,56,Marketing,88247,Екатеринбург,2016-10-07
758,Брагин Авксентий Давидович,25,Sales,48866,Самара,2017-12-19
759,Ксения Игоревна Родионова,26,Support,52717,Самара,2024-05-26
760,Оксана Ждановна Рябова,22,Marketing,76042,Самара,2020-02-10
761,Шарапова Юлия Никифоровна,36,IT,79591,Москва,2021-04-16
762,Нестеров Мстислав Еремеевич,35,Sales,159540,Новосибирск,2018-06-06
763,Голубев Мартын Елизарович,25,Sales,166669,Ростов-на-Дону,2021-11-07
764,Иванна Кузьминична Пономарева,53,IT,41733,Екатеринбург,2016-12-10
765,Анастасия Эльдаровна Маслова,57,Marketing,43106,Москва,2022-01-18
766,Молчанова Алевтина Святославовна,55,Logistics,112021,Екатеринбург,2025-06-02
767,Панкрат Трофимович Колесников,40,IT,171652,Самара,2022-10-24
768,Дроздова Евдокия Львовна,49,Support,86993,Москва,2022-09-17
769,Лукин Савелий Ильясович,28,Sales,79032,Санкт-Петербург,2020-07-08
770,Тамара Геннадиевна Анисимова,34,Sales,178007,Новосибирск,2016-06-02
771,Осипов Федот Гавриилович,44,Finance,144044,Москва,2024-11-30
772,Анна Дмитриевна Казакова,45,Marketing,160323,Екатеринбург,2017-09-04
773,Наина Леоновна Давыдова,37,Logistics,99207,Новосибирск,2018-01-18
774,Викторин Харитонович Зайцев,27,Logistics,48305,Москва,2024-02-09
775,Фокина Юлия Анатольевна,47,Marketing,138872,Екатеринбург,2020-03-02
776,Ковалев Наум Ефимович,52,IT,42477,Ростов-на-Дону,2019-07-30
777,Виктория Валентиновна Медведева,32,IT,171034,Самара,2018-11-14
778,Оксана Вениаминовна Веселова,49,Logistics,126840,Екатеринбург,2024-01-26
779,Федоров Севастьян Игнатьевич,28,Sales,51154,Санкт-Петербург,2021-10-03
780,Калашников Арефий Абрамович,35,Support,188579,Казань,2019-12-19
781,Носов Давыд Владиленович,39,IT,59489,Ростов-на-Дону,2020-05-04
782,Анна Владимировна Горбачева,39,Sales,187720,Ростов-на-Дону,2019-10-13
783,Пахом Харлампович Блинов,24,HR,122440,Москва,2015-06-29
784,Гурьева Маргарита Андреевна,35,Sales,77798,Самара,2024-05-13
785,Светлана Георгиевна Соколова,47,IT,118453,Санкт-Петербург,2022-03-19
786,Крылова Елена Макаровна,58,HR,188555,Самара,2018-07-26
787,Овчинников Харитон Ефремович,46,Logistics,181705,Новосибирск,2017-02-11
788,Клавдия Кирилловна Панова,46,Support,76687,Самара,2022-09-21
789,Ширяева Нина Валентиновна,27,Sales,130664,Москва,2018-11-15
790,Людмила Георгиевна Сергеева,28,Marketing,100855,Самара,2024-12-04
791,Милица Архиповна Данилова,26,Finance,198641,Самара,2017-09-08
792,Екатерина Архиповна Сафонова,60,Marketing,125557,Москва,2020-06-28
793,Кулаков Андрей Матвеевич,39,Support,158109,Казань,2024-03-18
794,Творимир Анисимович Кириллов,36,Finance,184975,Казань,2025-05-23
795,Лапина Акулина Альбертовна,49,HR,193583,Ростов-на-Дону,2022-05-05
796,Натан Валерьевич Хохлов,46,IT,117431,Самара,2017-12-21
797,Ершова Агафья Кузьминична,37,Logistics,59269,Москва,2019-08-27
798,Галкин Касьян Викентьевич,39,HR,139614,Ростов-на-Дону,2019-08-19
799,Раиса Яковлевна Ковалева,31,Logistics,142137,Новосибирск,2018-04-09
800,Полина Геннадьевна Кошелева,45,IT,63991,Москва,2017-06-10
801,Станимир Германович Ефимов,41,Marketing,134350,Самара,2022-06-24
802,Андрон Эдуардович Сысоев,39,IT,74735,Москва,2017-07-09
803,Лора Егоровна Смирнова,33,Marketing,157661,Екатеринбург,2015-07-28
804,Макаров Филипп Эдгарович,57,Sales,146966,Москва,2016-12-07
805,Панфилов Афиноген Бориславович,23,IT,132776,Екатеринбург,2024-06-29
806,Панова Кира Захаровна,27,Sales,196773,Самара,2020-02-02
807,Захаров Андрон Ермолаевич,42,Support,140987,Москва,2019-01-17
808,Котова Валерия Болеславовна,40,Marketing,141659,Самара,2023-12-16
809,Агафья Валентиновна Нестерова,27,Logistics,186679,Санкт-Петербург,2021-12-01
810,Порфирий Евстигнеевич Шашков,58,Sales,84455,Ростов-на-Дону,2022-10-10
811,Мефодий Гавриилович Андреев,46,HR,76396,Новосибирск,2019-06-15
812,Ираида Натановна Пахомова,41,Finance,169269,Санкт-Петербург,2023-12-14
813,Глафира Вадимовна Титова,26,HR,153947,Новосибирск,2022-05-29
814,Фокин Гордей Бориславович,48,Finance,166938,Самара,2019-08-09
815,Брагина Татьяна Павловна,26,Finance,105981,Санкт-Петербург,2017-04-04
816,Мирон Аксёнович Самойлов,53,Sales,91261,Казань,2022-04-16
817,Василиса Романовна Русакова,28,HR,119864,Москва,2020-04-29
818,Нинель Аскольдовна Голубева,47,Finance,139585,Самара,2018-01-22
819,Станислав Давидович Пестов,43,Marketing,127749,Казань,2022-02-21
820,Станимир Богданович Горбунов,60,HR,118757,Новосибирск,2022-01-23
821,Милан Теймуразович Алексеев,60,Logistics,92652,Казань,2023-11-01
822,Костина Алла Андреевна,42,HR,144396,Новосибирск,2021-11-17
823,Якушев Рюрик Эдгарович,40,Logistics,168714,Екатеринбург,2024-02-20
824,Емельянов Любим Демидович,37,Finance,138580,Новосибирск,2018-10-02
825,Сильвестр Давидович Хохлов,47,Finance,69855,Екатеринбург,2021-11-17
826,Измаил Артурович Рыбаков,34,Sales,183033,Санкт-Петербург,2019-11-20
827,Беляева Полина Петровна,57,IT,161011,Ростов-на-Дону,2018-08-09
828,Акулина Борисовна Маслова,35,Marketing,116370,Самара,2019-07-27
829,Смирнова Анна Юльевна,26,Support,147254,Ростов-на-Дону,2025-01-28
830,Белозерова Раиса Федоровна,53,HR,119385,Санкт-Петербург,2017-07-06
831,Селиверстова Лукия Михайловна,38,Logistics,80407,Ростов-на-Дону,2023-09-12
832,Оксана Леоновна Шилова,49,Support,138825,Москва,2023-02-13
833,Терентьева Майя Петровна,50,Sales,165628,Екатеринбург,2016-08-01
834,Елена Александровна Александрова,47,Sales,172805,Самара,2018-12-30
835,Лаврентьева Кира Тимуровна,48,Sales,49637,Самара,2020-08-30
836,Соловьева Глафира Святославовна,45,Logistics,180746,Екатеринбург,2016-11-06
837,Молчанова Надежда Борисовна,27,IT,105072,Ростов-на-Дону,2017-12-26
838,Ковалев Никодим Григорьевич,44,HR,51612,Екатеринбург,2020-01-06
839,Лукия Борисовна Симонова,47,Support,126926,Самара,2019-08-04
840,Феврония Васильевна Мамонтова,49,IT,42765,Москва,2024-05-12
841,Харитон Юльевич Кузьмин,38,HR,173870,Ростов-на-Дону,2025-01-30
842,Зиновьев Анисим Феликсович,55,Sales,192179,Ростов-на-Дону,2023-11-01
843,Симон Вячеславович Шубин,58,HR,156858,Новосибирск,2021-03-25
844,Гусева Валентина Натановна,47,Marketing,194295,Ростов-на-Дону,2022-01-07
845,Маркова Прасковья Натановна,54,HR,130431,Москва,2019-08-19
846,Шубина Зинаида Игоревна,52,IT,117445,Казань,2019-06-04
847,Куприян Филимонович Константинов,27,IT,77139,Новосибирск,2016-10-11
848,Соломон Ефимович Одинцов,41,Finance,159362,Самара,2022-06-17
849,Таисия Даниловна Медведева,35,Sales,166596,Новосибирск,2017-07-17
850,Зимина Любовь Владимировна,52,IT,154862,Ростов-на-Дону,2025-04-04
851,Кондратьева Дарья Сергеевна,50,Finance,57609,Новосибирск,2020-11-13
852,Рогова Валерия Матвеевна,24,Support,70168,Москва,2021-01-25
853,Фокина Наина Тарасовна,43,Logistics,68668,Ростов-на-Дону,2018-04-21
854,Агафья Семеновна Киселева,32,Logistics,103940,Екатеринбург,2015-09-12
855,Агафонов Аполлон Германович,33,Sales,81978,Новосибирск,2018-02-11
856,Ия Ждановна Куликова,57,Marketing,161124,Санкт-Петербург,2023-11-03
857,Анисимова Евфросиния Тимофеевна,47,Logistics,88352,Санкт-Петербург,2015-10-08
858,Валентина Юрьевна Беспалова,49,Marketing,47652,Ростов-на-Дону,2022-03-14
859,Цветкова Тамара Натановна,34,Marketing,195242,Казань,2017-10-26
860,Ия Альбертовна Гущина,46,IT,96307,Санкт-Петербург,2019-04-05
861,Лонгин Антипович Попов,39,Support,56400,Екатеринбург,2022-11-18
862,Беспалов Пров Давидович,28,Support,180742,Санкт-Петербург,2024-07-23
863,Юдина Маргарита Эдуардовна,45,Finance,91661,Казань,2020-11-28
864,Носова Евдокия Кирилловна,29,Finance,168315,Екатеринбург,2019-12-07
865,Анжела Геннадиевна Силина,42,Sales,141879,Екатеринбург,2017-03-07
866,Мельникова Алина Олеговна,47,Sales,69945,Новосибирск,2018-03-27
867,Гостомысл Дмитриевич Иванов,44,Support,160025,Екатеринбург,2018-10-01
868,Степанова Алина Владиславовна,33,Support,117973,Екатеринбург,2024-09-24
869,Носова Эмилия Кузьминична,59,IT,75113,Новосибирск,2020-05-07
870,Ефимова Анжела Кузьминична,29,HR,120053,Москва,2020-09-12
871,Регина Афанасьевна Устинова,33,Finance,77056,Екатеринбург,2020-06-30
872,Терентий Трофимович Тарасов,46,Marketing,196349,Санкт-Петербург,2018-12-09
873,Лора Леоновна Денисова,58,Marketing,150897,Санкт-Петербург,2018-05-19
874,Юлия Станиславовна Мухина,53,Logistics,180870,Ростов-на-Дону,2025-05-30
875,Агафья Вадимовна Агафонова,33,Sales,83742,Казань,2018-11-26
876,Носков Юрий Демьянович,40,HR,89046,Новосибирск,2025-01-12
877,Маркова Марина Вадимовна,50,Sales,54053,Самара,2019-04-21
878,Боброва Алевтина Семеновна,44,IT,167037,Санкт-Петербург,2023-09-01
879,Симон Филатович Мартынов,34,Support,140648,Екатеринбург,2015-11-19
880,Евдокия Леонидовна Копылова,54,Logistics,169753,Казань,2016-04-07
881,Лыткин Тимофей Абрамович,53,Marketing,156353,Казань,2021-09-18
882,Евдокимов Ермил Федосьевич,32,IT,188215,Москва,2023-10-20
883,Никонов Платон Артёмович,36,Finance,48570,Новосибирск,2022-11-30
884,Рыбаков Максимильян Алексеевич,36,Sales,115673,Санкт-Петербург,2016-04-26
885,Евсеев Ипатий Артёмович,51,Sales,169843,Екатеринбург,2021-03-12
886,Осипов Орест Терентьевич,54,IT,190133,Москва,2019-12-15
887,Лука Аверьянович Колесников,39,Support,182372,Самара,2022-03-06
888,Носкова Юлия Афанасьевна,45,Sales,50907,Самара,2023-01-02
889,Филатова Анжела Матвеевна,50,Sales,97289,Казань,2024-09-22
890,Устинов Ладислав Афанасьевич,28,Logistics,104888,Новосибирск,2018-04-05
891,Марина Никифоровна Бирюкова,24,Marketing,108895,Новосибирск,2022-01-19
892,Творимир Гурьевич Кузьмин,27,Marketing,70772,Самара,2022-11-29
893,София Кирилловна Кондратьева,37,HR,194120,Ростов-на-Дону,2021-10-14
894,Мстислав Августович Жданов,44,Support,199976,Ростов-на-Дону,2024-03-11
895,Волков Аверкий Тимурович,49,HR,76499,Самара,2020-10-25
896,Ксения Григорьевна Дементьева,35,Support,94248,Самара,2022-11-10
897,Соболева Надежда Степановна,25,Sales,131964,Екатеринбург,2016-11-13
898,Горбачев Ипполит Георгиевич,39,Sales,181234,Санкт-Петербург,2016-08-03
899,Ермакова Алла Тимуровна,42,Logistics,116712,Новосибирск,2020-01-22
900,Калинина Ангелина Ждановна,58,Finance,174850,Ростов-на-Дону,2016-06-04
901,Мартынова Лора Матвеевна,28,HR,147897,Москва,2016-09-22
902,Комарова Ия Яковлевна,39,Support,73262,Ростов-на-Дону,2016-02-22
903,Мартынов Радим Игнатович,30,HR,78336,Ростов-на-Дону,2021-08-10
904,Фотий Витальевич Воронцов,42,Support,104894,Самара,2021-02-10
905,Наталья Викторовна Иванова,47,Marketing,77269,Екатеринбург,2018-07-30
906,Нина Игоревна Одинцова,39,Logistics,148586,Казань,2019-01-15
907,Суханова Ольга Рубеновна,50,IT,64404,Казань,2019-11-24
908,Пелагея Тимуровна Киселева,54,Logistics,112935,Ростов-на-Дону,2017-03-15
909,Одинцова Ирина Валентиновна,45,Marketing,167937,Новосибирск,2024-05-10
910,Гурьев Ярослав Артемьевич,59,IT,64416,Ростов-на-Дону,2022-09-20
911,Прасковья Алексеевна Авдеева,51,Logistics,133905,Самара,2021-04-06
912,Харлампий Гордеевич Буров,26,Support,180096,Казань,2015-10-23
913,Тимур Харитонович Лапин,35,Marketing,95535,Казань,2023-03-13
914,Захар Ермолаевич Кузьмин,39,Finance,114342,Новосибирск,2020-02-03
915,Афанасьева Майя Сергеевна,57,Sales,74234,Екатеринбург,2015-07-20
916,Силин Юрий Владленович,53,Support,130109,Ростов-на-Дону,2023-01-07
917,Яковлев Денис Виленович,25,IT,66102,Ростов-на-Дону,2022-10-21
918,Мирон Анатольевич Поляков,51,IT,72568,Самара,2023-01-22
919,Белоусов Моисей Даниилович,32,Marketing,159673,Москва,2015-11-15
920,Буров Мирослав Терентьевич,49,HR,74580,Ростов-на-Дону,2020-02-21
921,Аникита Анатольевич Кулагин,41,HR,111832,Москва,2018-09-07
922,Галкина Ирина Захаровна,45,Finance,61606,Новосибирск,2021-03-25
923,Мельникова Марина Михайловна,32,IT,143898,Ростов-на-Дону,2021-04-27
924,Анжела Семеновна Максимова,41,Logistics,101379,Казань,2019-03-17
925,Регина Ниловна Казакова,27,Logistics,64951,Москва,2023-08-14
926,Светозар Абрамович Овчинников,35,Marketing,60431,Санкт-Петербург,2024-04-07
927,Иван Артемьевич Копылов,59,HR,176169,Ростов-на-Дону,2021-11-17
928,Герасимов Глеб Иосипович,50,IT,42113,Ростов-на-Дону,2021-06-19
929,Елизавета Николаевна Корнилова,43,Support,71612,Самара,2018-09-30
930,Муравьев Самуил Харлампович,49,Logistics,74648,Казань,2017-07-20
931,Щукин Остап Адамович,26,HR,140419,Москва,2017-11-18
932,Капустин Гостомысл Венедиктович,28,IT,122143,Новосибирск,2021-09-27
933,Дроздов Гедеон Антонович,41,HR,140328,Самара,2017-02-08
934,Регина Ниловна Моисеева,30,Logistics,77448,Москва,2025-02-19
935,Шашкова Ия Артемовна,55,Sales,42221,Екатеринбург,2017-08-11
936,Воронова Ольга Викторовна,32,Marketing,132061,Ростов-на-Дону,2017-08-21
937,Гаврила Гавриилович Ефремов,35,Logistics,79681,Казань,2022-01-15
938,Мефодий Филиппович Кириллов,50,Support,96949,Москва,2021-05-08
939,Блинов Влас Борисович,28,HR,72284,Екатеринбург,2015-08-11
940,Бурова Прасковья Николаевна,46,Finance,152561,Новосибирск,2023-09-17
941,Борисова Олимпиада Юрьевна,30,HR,112605,Ростов-на-Дону,2021-06-11
942,Синклитикия Сергеевна Ситникова,27,HR,185069,Екатеринбург,2016-08-14
943,Владислав Ааронович Самсонов,60,Logistics,199276,Новосибирск,2024-10-27
944,Горбунова Регина Николаевна,23,Support,119075,Санкт-Петербург,2019-02-23
945,Лобанов Пахом Давыдович,55,Sales,173568,Санкт-Петербург,2024-10-30
946,Наум Иларионович Сафонов,47,Finance,54304,Самара,2023-06-29
947,Ульяна Болеславовна Родионова,37,Marketing,141157,Москва,2016-10-13
948,Игорь Архипович Бобров,37,Marketing,195695,Москва,2021-06-05
949,Сидорова Евдокия Александровна,55,IT,134659,Новосибирск,2022-07-15
950,Ульяна Семеновна Ковалева,30,Marketing,188997,Казань,2020-08-22
951,Елисей Жанович Исаков,45,Sales,85290,Самара,2019-01-25
952,Кулагин Фотий Димитриевич,52,Support,59134,Москва,2018-01-21
953,Воронцова Майя Юрьевна,59,IT,43615,Новосибирск,2018-03-14
954,Симонова Евфросиния Наумовна,35,IT,55851,Самара,2020-12-18
955,Борисова Маргарита Федоровна,47,Sales,115101,Ростов-на-Дону,2020-12-29
956,Леон Изотович Носов,54,Support,148903,Казань,2022-07-02
957,Красильникова Варвара Евгеньевна,47,IT,180657,Екатеринбург,2019-11-29
958,Сорокина Антонина Даниловна,31,Finance,61914,Новосибирск,2020-07-11
959,Таисия Юрьевна Игнатова,27,Sales,93267,Самара,2022-04-16
960,Колесников Аверкий Бенедиктович,31,Sales,125655,Казань,2023-09-05
961,Эмиль Феодосьевич Беляев,59,Logistics,57331,Новосибирск,2016-02-01
962,Федоров Ювеналий Алексеевич,49,Logistics,102557,Москва,2022-09-09
963,Милица Юрьевна Лапина,37,IT,153897,Москва,2020-08-27
964,Кириллова Анастасия Вячеславовна,51,Sales,199601,Москва,2021-11-05
965,Егор Ярославович Дмитриев,41,Logistics,86044,Москва,2017-05-23
966,Раиса Семеновна Игнатова,22,Logistics,75969,Ростов-на-Дону,2017-10-05
967,Петров Мирослав Демидович,22,HR,170131,Новосибирск,2021-12-29
968,Анна Игоревна Гуляева,55,Sales,107960,Санкт-Петербург,2019-06-10
969,Маслова Феврония Геннадьевна,45,HR,110454,Ростов-на-Дону,2020-08-15
970,Виноградова Анна Тимуровна,29,Support,47695,Новосибирск,2018-04-16
971,Фаина Макаровна Коновалова,49,Finance,177325,Москва,2025-01-28
972,Эрнст Георгиевич Панов,38,Logistics,191165,Ростов-на-Дону,2024-09-28
973,Осипова Дарья Наумовна,26,Marketing,159327,Екатеринбург,2020-07-04
974,Овчинникова Кира Львовна,45,IT,170969,Самара,2024-11-30
975,Зоя Тарасовна Авдеева,58,HR,136387,Санкт-Петербург,2023-05-19
976,Пров Матвеевич Воронцов,38,Support,66975,Екатеринбург,2020-04-12
977,Ширяев Ратмир Фокич,29,HR,173385,Москва,2024-05-30
978,Ольга Вадимовна Осипова,24,Support,43221,Санкт-Петербург,2016-02-13
979,Полякова Елизавета Кузьминична,24,Marketing,135414,Казань,2019-07-27
980,Терентий Августович Филатов,31,HR,49270,Екатеринбург,2023-10-07
981,Вадим Трифонович Муравьев,48,HR,124358,Санкт-Петербург,2022-12-07
982,Фадей Вячеславович Мухин,48,Logistics,123869,Новосибирск,2018-08-01
983,Дроздов Карп Гавриилович,26,Sales,137729,Москва,2024-11-30
984,Бурова Евдокия Святославовна,54,Logistics,53807,Санкт-Петербург,2022-10-25
985,Журавлев Капитон Гертрудович,36,Support,175207,Москва,2017-09-26
986,Юлия Матвеевна Степанова,47,IT,161921,Самара,2023-03-27
987,Федоров Семен Абрамович,40,Support,121447,Новосибирск,2023-02-01
988,Волкова Ольга Максимовна,27,Sales,159733,Москва,2021-08-26
989,тов. Емельянов Добромысл Яковлевич,45,HR,116439,Екатеринбург,2018-03-31
990,Игнатьев Владимир Антипович,41,Logistics,103591,Казань,2020-09-13
991,Тимур Александрович Овчинников,45,Sales,169331,Самара,2018-12-01
992,Дарья Робертовна Турова,34,Logistics,183277,Самара,2016-08-24
993,Веселова Агафья Андреевна,37,HR,41671,Казань,2022-03-09
994,Варлаам Зиновьевич Денисов,23,HR,181962,Новосибирск,2021-07-28
995,Трофим Евсеевич Фролов,22,Finance,40383,Самара,2018-02-20
996,Лукия Михайловна Герасимова,46,Support,120612,Москва,2020-06-07
997,Филатов Мокей Иосифович,35,Sales,102434,Казань,2023-12-27
998,Дмитрий Васильевич Игнатьев,53,IT,77322,Ростов-на-Дону,2022-04-22
999,Ираида Егоровна Наумова,39,IT,51508,Санкт-Петербург,2019-10-07
1000,Галактион Вилорович Мухин,55,Marketing,137646,Казань,2023-07-03
